date_times;feature1;feature2;target;feature2_breaked;target_shifted_feature2
2020-01-01;1.331586504129518;0.7152789743984055;2.762144452926329;0.7152789743984055;2.762144452926329
2020-01-02;-1.5454002921112682;-0.008383849928522256;-1.5621679919683127;-0.008383849928522256;-1.5621679919683127
2020-01-03;0.6213359738904805;-0.7200855607188968;-0.8188351475473132;-0.7200855607188968;-0.8188351475473132
2020-01-04;0.2655115856921195;0.10854852571496944;0.48260863712205837;0.10854852571496944;0.48260863712205837
2020-01-05;0.004291430934033236;-0.17460021059294129;-0.34490899025184935;-0.17460021059294129;-0.34490899025184935
2020-01-06;0.433026189953598;1.203037373812212;2.839100937578022;1.203037373812212;2.839100937578022
2020-01-07;-0.9650656705167633;1.028274077982704;1.0914824854486447;1.028274077982704;1.0914824854486447
2020-01-08;0.2286301301246597;0.44513761283034786;1.1189053557853554;0.44513761283034786;1.1189053557853554
2020-01-09;-1.1366022118310442;0.1351368784486355;-0.8663284549337731;0.1351368784486355;-0.8663284549337731
2020-01-10;1.4845370018365822;-1.079804885785276;-0.6750727697339698;-1.079804885785276;-0.6750727697339698
2020-01-11;-1.977728280657907;-1.7433722958989073;-5.464472872455722;-1.7433722958989073;-5.464472872455722
2020-01-12;0.266070164000551;2.384967330711097;5.0360048254227445;2.384967330711097;5.0360048254227445
2020-01-13;1.1236912534094234;1.6726222133078277;4.468935680025079;1.6726222133078277;4.468935680025079
2020-01-14;0.09914921583524362;1.3979963770935753;2.895141970022394;1.3979963770935753;2.895141970022394
2020-01-15;-0.2712479879657808;0.6132041848596391;0.9551603817534975;0.6132041848596391;0.9551603817534975
2020-01-16;-0.26731718867356863;-0.5493090141054789;-1.3659352168845265;-0.5493090141054789;-1.3659352168845265
2020-01-17;0.1327082957599512;-0.4761420149273371;-0.819575734094723;-0.4761420149273371;-0.819575734094723
2020-01-18;1.3084730808634777;0.1950132792330928;1.6984996393296634;0.1950132792330928;1.6984996393296634
2020-01-19;0.4002099882523482;-0.337632337085531;-0.27505468591871374;-0.337632337085531;-0.27505468591871374
2020-01-20;1.2564722637551555;-0.7319695020012079;-0.2074667402472603;-0.7319695020012079;-0.2074667402472603
2020-01-21;0.6602315512263132;-0.3508718914398713;-0.04151223165342943;-0.3508718914398713;-0.04151223165342943
2020-01-22;-0.9394333597625512;-0.4893372168846516;-1.9181077935318545;-0.4893372168846516;-1.9181077935318545
2020-01-23;-0.8045911422699545;-0.21269763871051175;-1.229986419690978;-0.21269763871051175;-1.229986419690978
2020-01-24;-0.3391402460634347;0.3121699363132221;0.2851996265630095;0.3121699363132221;0.2851996265630095
2020-01-25;0.5651526696566274;-0.14742025772701986;0.27031215420258764;-0.14742025772701986;0.27031215420258764
2020-01-26;-0.02590533681618617;0.28909420380393497;0.5522830707916838;0.28909420380393497;0.5522830707916838
2020-01-27;-0.5398790713327012;0.7081600199266035;0.8764409685205058;0.7081600199266035;0.8764409685205058
2020-01-28;0.8422247383826557;0.20358079732747866;1.249386333037613;0.20358079732747866;1.249386333037613
2020-01-29;2.3947036648845352;0.9174589375104293;4.229621539905394;0.9174589375104293;4.229621539905394
2020-01-30;-0.11227247119416003;-0.36218044714224007;-0.8366333654786402;-0.36218044714224007;-0.8366333654786402
2020-01-31;-0.23218225594409092;-0.5017288995948672;-1.2356400551338254;-0.5017288995948672;-1.2356400551338254
2020-02-01;1.1287851531098774;-0.6978100304717146;-0.2668349078335519;-0.6978100304717146;-0.2668349078335519
2020-02-02;-0.08112218381694614;-0.5292960809994882;-1.1397143458159227;-0.5292960809994882;-1.1397143458159227
2020-02-03;1.0461828568082643;-1.4185560292233947;-1.7909292016385252;-1.4185560292233947;-1.7909292016385252
2020-02-04;-0.3624991831556408;-0.1219056911618885;-0.6063105654794178;-0.1219056911618885;-0.6063105654794178
2020-02-05;0.319356421091224;0.4609029016717183;1.2411622244346607;0.4609029016717183;1.2411622244346607
2020-02-06;-0.21578989233052187;0.9890724574994391;1.7623550226683562;0.9890724574994391;1.7623550226683562
2020-02-07;0.3147537788117336;2.467651056434603;5.2500558916809394;2.467651056434603;5.2500558916809394
2020-02-08;-1.5083214871632158;0.6206006630086133;-0.26712016114598924;0.6206006630086133;-0.26712016114598924
2020-02-09;-1.0451325375144376;-0.7980088176722442;-2.641150172858926;-0.7980088176722442;-2.641150172858926
2020-02-10;1.9850845914257311;1.7448141483393012;5.474712888104333;1.7448141483393012;5.474712888104333
2020-02-11;-1.856185480611148;-0.22277369910299966;-2.3017328788171474;-0.22277369910299966;-2.3017328788171474
2020-02-12;-0.06584784771120117;-2.131712108481604;-4.329272064674409;-2.131712108481604;-4.329272064674409
2020-02-13;-0.04883051133875307;0.39334121708173975;0.7378519228247264;0.39334121708173975;0.7378519228247264
2020-02-14;0.2172651451180396;-1.9943937697410574;-3.771522394364075;-1.9943937697410574;-3.771522394364075
2020-02-15;1.1077082347826497;0.2445439766479897;1.596796188078629;0.2445439766479897;1.596796188078629
2020-02-16;-0.061912029492404284;-0.7538929607476993;-1.5696979509878028;-0.7538929607476993;-1.5696979509878028
2020-02-17;0.7119590165198396;0.9182691514794155;2.5484973194786704;0.9182691514794155;2.5484973194786704
2020-02-18;-0.482093138835479;0.08958761258951613;-0.3029179136564467;0.08958761258951613;-0.3029179136564467
2020-02-19;0.8269986226622651;-1.9545121200015052;-3.0820256173407454;-1.9545121200015052;-3.0820256173407454
2020-02-20;0.11747566102663819;-1.9074568881244003;-3.6974381152221625;-1.9074568881244003;-3.6974381152221625
2020-02-21;-0.922909264848946;0.46975143408304293;0.016593603317139882;0.46975143408304293;0.016593603317139882
2020-02-22;-0.1443667630269637;-0.4001383519857285;-0.9446434669984207;-0.4001383519857285;-0.9446434669984207
2020-02-23;-0.29598385293921214;0.8482086090216563;1.4004333651041003;0.8482086090216563;1.4004333651041003
2020-02-24;0.706830454751635;-0.7872689262471867;-0.8677073977427384;-0.7872689262471867;-0.8677073977427384
2020-02-25;0.29294072483196687;-0.4708072514855173;-0.6486737781390677;-0.4708072514855173;-0.6486737781390677
2020-02-26;2.4043256059373497;-0.739356738508672;0.9256121289200057;-0.739356738508672;0.9256121289200057
2020-02-27;-0.3128287573370896;-0.3488819182174932;-1.0105925937720759;-0.3488819182174932;-1.0105925937720759
2020-02-28;-0.4390262362200143;0.14110416806443193;-0.15681790009115043;0.14110416806443193;-0.15681790009115043
2020-02-29;0.2730493200953109;-1.618570747815795;-2.964092175536279;-1.618570747815795;-2.964092175536279
2020-03-01;-0.5731133615595897;-1.3204475458914557;-3.214008453342501;-1.3204475458914557;-3.214008453342501
2020-03-02;1.2362053261868158;2.4653250820614763;6.166855490309768;2.4653250820614763;6.166855490309768
2020-03-03;1.3832322295355184;0.3462331153511832;2.0756984602378847;0.3462331153511832;2.0756984602378847
2020-03-04;1.0225161072341362;0.16681026701973248;1.3561366412736011;0.16681026701973248;1.3561366412736011
2020-03-05;1.6567166244782918;0.6678896088334423;2.9924958421451766;0.6678896088334423;2.9924958421451766
2020-03-06;-0.22994664377472285;-1.1295511944337915;-2.489049032642306;-1.1295511944337915;-2.489049032642306
2020-03-07;-0.6399626042284977;0.31383052155900587;-0.01230156111048597;0.31383052155900587;-0.01230156111048597
2020-03-08;-1.2258359807380548;-0.22179313639949394;-1.6694222535370427;-0.22179313639949394;-1.6694222535370427
2020-03-09;1.3399263099575534;0.029309710943169753;1.398545731843893;0.029309710943169753;1.398545731843893
2020-03-10;1.9853857460893887;1.4471656006682223;4.879716947425833;1.4471656006682223;4.879716947425833
2020-03-11;-0.2876294136505807;-1.3593105731059993;-3.0062505598625795;-1.3593105731059993;-3.0062505598625795
2020-03-12;-0.04804132522942067;-0.480787340132024;-1.0096160054934686;-0.480787340132024;-1.0096160054934686
2020-03-13;0.3777530859653419;1.6144079741454649;3.6065690342562715;1.6144079741454649;3.6065690342562715
2020-03-14;-1.123104035224383;-0.38872794685481127;-1.9005599289340056;-0.38872794685481127;-1.9005599289340056
2020-03-15;0.33234994953151675;1.1349731730819057;2.602296295695328;1.1349731730819057;2.602296295695328
2020-03-16;0.5107144113978628;0.4142976411940093;1.3393096937858813;0.4142976411940093;1.3393096937858813
2020-03-17;1.344549423365941;0.4935153172482886;2.331580057862518;0.4935153172482886;2.331580057862518
2020-03-18;-0.23700418452348107;0.05728515015601808;-0.12243388421144491;0.05728515015601808;-0.12243388421144491
2020-03-19;-0.7070714470671638;0.5466648375345344;0.386258228001905;0.5466648375345344;0.386258228001905
2020-03-20;0.9425004089401402;-2.979596771061134;-5.016693133182128;-2.979596771061134;-5.016693133182128
2020-03-21;1.2181488503510474;-0.05652072308259052;1.1051074041858664;-0.05652072308259052;1.1051074041858664
2020-03-22;0.46088845239886594;0.6623740117246331;1.785636475848132;0.6623740117246331;1.785636475848132
2020-03-23;-2.2951033289626235;-1.1959293114635177;-4.686961951889659;-1.1959293114635177;-4.686961951889659
2020-03-24;-0.333101162137835;-0.7913907709674438;-1.9158827040727227;-0.7913907709674438;-1.9158827040727227
2020-03-25;0.2741727807601068;-0.5149099224712518;-0.7556470641823967;-0.5149099224712518;-0.7556470641823967
2020-03-26;-1.7110711971542645;0.6122973124985504;-0.4864765721571638;0.6122973124985504;-0.4864765721571638
2020-03-27;1.1001293740133287;0.564352526386118;2.2288344267855646;0.564352526386118;2.2288344267855646
2020-03-28;-0.7127994368270598;-0.260859478554175;-1.2345183939354099;-0.260859478554175;-1.2345183939354099
2020-03-29;0.5484280662958247;0.6031990502305918;1.7548261667570084;0.6031990502305918;1.7548261667570084
2020-03-30;1.0068611386248225;-0.29442600738994285;0.4180091238449368;-0.29442600738994285;0.4180091238449368
2020-03-31;-1.4208805151542343;-0.6789467746200409;-2.778774064394316;-0.6789467746200409;-2.778774064394316
2020-04-01;0.533884809310875;0.7439744037859244;2.0218336168827236;0.7439744037859244;2.0218336168827236
2020-04-02;2.2250496388231946;0.11718142019448317;2.459412479212161;0.11718142019448317;2.459412479212161
2020-04-03;0.24461452026499014;-0.17729882264556748;-0.10998312502614482;-0.17729882264556748;-0.10998312502614482
2020-04-04;-0.40572952764909204;0.781775190375615;1.1578208531021381;0.781775190375615;1.1578208531021381
2020-04-05;0.35347761380384995;-0.20727948572143776;-0.06108135763902556;-0.20727948572143776;-0.06108135763902556
2020-04-06;-1.0796973839588486;-0.12306982851013992;-1.3258370409791285;-0.12306982851013992;-1.3258370409791285
2020-04-07;-0.3909821853064035;1.2551737317095715;2.1193652781127392;1.2551737317095715;2.1193652781127392
2020-04-08;0.9471260781751876;-1.0223106922773948;-1.097495306379602;-1.0223106922773948;-1.097495306379602
2020-04-09;1.1671683684041174;-0.5719768132877665;0.023214741828584406;-0.5719768132877665;0.023214741828584406
2020-04-10;0.133137496871058;1.2027438739699048;2.5386252448108677;1.2027438739699048;2.5386252448108677
2020-04-11;-1.0247529670452837;0.16039916294255877;-0.7039546411601663;0.16039916294255877;-0.7039546411601663
2020-04-12;-1.1304752871393409;-1.941299681022428;-5.013074649184197;-1.941299681022428;-5.013074649184197
2020-04-13;0.9865978168979976;0.028227367299119867;1.0430525514962374;0.028227367299119867;1.0430525514962374
2020-04-14;-0.8223675978306648;-1.5865517608478485;-3.995471119526362;-1.5865517608478485;-3.995471119526362
2020-04-15;-0.4014728193717207;1.3421792842550249;2.282885749138329;1.3421792842550249;2.282885749138329
2020-04-16;0.4024690934884474;-0.37276141643686733;-0.34305373938528727;-0.37276141643686733;-0.34305373938528727
2020-04-17;-0.672023436468346;0.1058120827957554;-0.4603992708768352;0.1058120827957554;-0.4603992708768352
2020-04-18;-1.5473053909175292;1.3448065106282303;1.1423076303389315;1.3448065106282303;1.1423076303389315
2020-04-19;0.503189181636489;1.1943506024632464;2.8918903865629817;1.1943506024632464;2.8918903865629817
2020-04-20;-0.5635056711961435;0.8548287563126676;1.1461518414291918;0.8548287563126676;1.1461518414291918
2020-04-21;0.6879047256615245;-1.5330687182901823;-2.37823271091884;-1.5330687182901823;-2.37823271091884
2020-04-22;0.14896070097688824;0.3151111682216668;0.7791830374202218;0.3151111682216668;0.7791830374202218
2020-04-23;-0.574917664052446;-0.3601711344294524;-1.295259932911351;-0.3601711344294524;-1.295259932911351
2020-04-24;0.436185296532739;-0.037917882013034025;0.36034953250667096;-0.037917882013034025;0.36034953250667096
2020-04-25;-1.0047163525260954;0.5914530866303224;0.17818982073454936;0.5914530866303224;0.17818982073454936
2020-04-26;0.2278173638452078;0.24917865788633525;0.7261746796178783;0.24917865788633525;0.7261746796178783
2020-04-27;0.09576323673771824;0.4490217306938231;0.9938066981253645;0.4490217306938231;0.9938066981253645
2020-04-28;-0.2860020076596541;-0.8627582993970102;-2.0115186064536745;-0.8627582993970102;-2.0115186064536745
2020-04-29;-0.7418248387704077;1.1055751361580652;1.4693254335457229;1.1055751361580652;1.4693254335457229
2020-04-30;-2.0177186526744166;0.5405407131012635;-0.9366372264718896;0.5405407131012635;-0.9366372264718896
2020-05-01;-1.4422988826146192;-1.6088503628381168;-4.659999608290853;-1.6088503628381168;-4.659999608290853
2020-05-02;-1.006568561796009;-0.25753362480146613;-1.5216358113989412;-0.25753362480146613;-1.5216358113989412
2020-05-03;0.7305074471395302;-1.6984014911619134;-2.6662955351842967;-1.6984014911619134;-2.6662955351842967
2020-05-04;1.6740755455912117;1.163723700168369;4.00152294592795;1.163723700168369;4.00152294592795
2020-05-05;-0.1325735926515057;-0.290245808612464;-0.7130652098764337;-0.290245808612464;-0.7130652098764337
2020-05-06;-0.9535324176164734;0.5880405938088611;0.22254877000124873;0.5880405938088611;0.22254877000124873
2020-05-07;0.06880147074223333;1.412064304423644;2.8929300795895214;1.412064304423644;2.8929300795895214
2020-05-08;-0.6862156148791144;0.5479439268406656;0.4096722388022168;0.5479439268406656;0.4096722388022168
2020-05-09;-0.036382537802214704;-0.8470162530448537;-1.7304150438919221;-0.8470162530448537;-1.7304150438919221
2020-05-10;1.9023040416320034;0.27960539218001096;2.461514825992025;0.27960539218001096;2.461514825992025
2020-05-11;0.6202545015134688;-1.068567708467883;-1.5168809154222973;-1.068567708467883;-1.5168809154222973
2020-05-12;-0.7226207335061186;0.08413955539175112;-0.5543416227226163;0.08413955539175112;-0.5543416227226163
2020-05-13;-0.584455156625368;0.6020222707537134;0.6195893848820588;0.6020222707537134;0.6195893848820588
2020-05-14;0.4383652391696916;-0.7823431943113383;-1.126321149452985;-0.7823431943113383;-1.126321149452985
2020-05-15;0.1929359841691265;0.004024911987938255;0.200985808145003;0.004024911987938255;0.200985808145003
2020-05-16;-0.16407529067739982;-1.1488122644078604;-2.4616998194931208;-1.1488122644078604;-2.4616998194931208
2020-05-17;-0.8355085039702512;0.21045072837938664;-0.41460704721147795;0.21045072837938664;-0.41460704721147795
2020-05-18;1.0139846307496894;-0.9701978229762425;-0.9264110152027956;-0.9701978229762425;-0.9264110152027956
2020-05-19;1.217181559143887;0.18264737856904978;1.5824763162819866;0.18264737856904978;1.5824763162819866
2020-05-20;-1.269819591802883;0.32338992972166514;-0.6230397323595527;0.32338992972166514;-0.6230397323595527
2020-05-21;0.8857748576048973;0.26439469163071194;1.414564240866321;0.26439469163071194;1.414564240866321
2020-05-22;2.3191273176274807;0.30866767318779376;2.936462664003068;0.30866767318779376;2.936462664003068
2020-05-23;0.8925640315154956;0.011022696775798193;0.914609425067092;0.011022696775798193;0.914609425067092
2020-05-24;0.9800741280019828;-2.3955720133917984;-3.811069898781614;-2.3955720133917984;-3.811069898781614
2020-05-25;-0.8575225150396875;-0.3642780862496787;-1.586078687539045;-0.3642780862496787;-1.586078687539045
2020-05-26;0.503926901210353;0.18833121458166893;0.8805893303736909;0.18833121458166893;0.8805893303736909
2020-05-27;1.085227073656096;0.356939067005643;1.799105207667382;0.356939067005643;1.799105207667382
2020-05-28;0.207329567390122;-0.14506453732507749;-0.08279950726003296;-0.14506453732507749;-0.08279950726003296
2020-05-29;0.16390425267843206;0.8295124843972415;1.822929221472915;0.8295124843972415;1.822929221472915
2020-05-30;0.755299957952175;0.8794856905576622;2.5142713390674993;0.8794856905576622;2.5142713390674993
2020-05-31;-0.2399562988289048;-0.6950566454073361;-1.630069589643577;-0.6950566454073361;-1.630069589643577
2020-06-01;-0.47140008296368807;0.3494764086673662;0.22755273437104429;0.3494764086673662;0.22755273437104429
2020-06-02;1.6114572939933487;0.23933926643124;2.0901358268558288;0.23933926643124;2.0901358268558288
2020-06-03;0.48500262814727996;-1.6586047065732947;-2.8322067849993093;-1.6586047065732947;-2.8322067849993093
2020-06-04;2.6799103079793154;-1.1035221312612262;0.47286604545686295;-1.1035221312612262;0.47286604545686295
2020-06-05;1.8177826087143396;-0.5560473416413031;0.7056879254317334;-0.5560473416413031;0.7056879254317334
2020-06-06;0.9577112396876866;0.8152206814284187;2.588152602544524;0.8152206814284187;2.588152602544524
2020-06-07;0.0643193997540122;-0.16640537151373572;-0.26849134327345925;-0.16640537151373572;-0.26849134327345925
2020-06-08;-0.9407097749928373;-0.053594501723097925;-1.047898778439033;-0.053594501723097925;-1.047898778439033
2020-06-09;1.1011362031443246;0.3721225454055754;1.8453812939554752;0.3721225454055754;1.8453812939554752
2020-06-10;-0.8834609870937455;1.1580515716975635;1.4326421563013814;1.1580515716975635;1.4326421563013814
2020-06-11;-1.2036534915942558;0.20983914187174324;-0.7839752078507694;0.20983914187174324;-0.7839752078507694
2020-06-12;-0.8911869221286801;-0.782687746991332;-2.4565624161113444;-0.782687746991332;-2.4565624161113444
2020-06-13;1.0797306777957072;-0.46284088559626885;0.1540489066031695;-0.46284088559626885;0.1540489066031695
2020-06-14;-1.5150756793500286;-0.5387185317773264;-2.5925127429046815;-0.5387185317773264;-2.5925127429046815
2020-06-15;0.7566218577281786;-0.7293992224712513;-0.7021765872143241;-0.7293992224712513;-0.7021765872143241
2020-06-16;1.2147826500801726;1.008282966705224;3.231348583490621;1.008282966705224;3.231348583490621
2020-06-17;0.07328300892672913;1.1737324134228035;2.420747835772336;1.1737324134228035;2.420747835772336
2020-06-18;1.8629516673209556;-1.983636497648969;-2.1043213279769826;-1.983636497648969;-2.1043213279769826
2020-06-19;1.156688930108264;0.6092822662823638;2.3752534626729913;0.6092822662823638;2.3752534626729913
2020-06-20;-0.32320123247300514;0.6641456069283278;1.0050899813836505;0.6641456069283278;1.0050899813836505
2020-06-21;0.3967259930916324;-0.5761168608745451;-0.7555077286574576;-0.5761168608745451;-0.7555077286574576
2020-06-22;1.4882183920780152;0.14024686680507428;1.7687121256881637;0.14024686680507428;1.7687121256881637
2020-06-23;1.188316753984644;-0.24574538754837935;0.6968259788878852;-0.24574538754837935;0.6968259788878852
2020-06-24;-1.6355866180091612;0.24479808854598561;-1.14599044091719;0.24479808854598561;-1.14599044091719
2020-06-25;-0.2350822298090138;-1.2608278056541407;-2.756737841117295;-1.2608278056541407;-2.756737841117295
2020-06-26;-1.6919679287768086;0.6164509224048732;-0.45906608396706217;0.6164509224048732;-0.45906608396706217
2020-06-27;1.269691281673293;1.397337976617336;4.064367234907965;1.397337976617336;4.064367234907965
2020-06-28;0.5342249622671237;0.004102038558737831;0.5424290393845993;0.004102038558737831;0.5424290393845993
2020-06-29;0.18941984228939307;0.044774685416949206;0.2789692131232915;0.044774685416949206;0.2789692131232915
2020-06-30;0.7946852743367756;-0.49314074144094516;-0.19159620854511472;-0.49314074144094516;-0.19159620854511472
2020-07-01;-1.2615897389997326;-0.21926026400299878;-1.7001102670057302;-0.21926026400299878;-1.7001102670057302
2020-07-02;0.1972722238455263;-0.25528045404428484;-0.31328868424304335;1.7447195459557152;3.686711315756957
2020-07-03;0.025807591506507695;2.2009664376417875;4.427740466790083;4.200966437641787;8.427740466790082
2020-07-04;0.8843676034925433;-1.3868225346111414;-1.8892774657297395;0.6131774653888586;2.1107225342702605
2020-07-05;0.6536623143299183;-2.1766086346530016;-3.699554954976085;-0.17660863465300158;0.3004450450239151
2020-07-06;0.6189489243944267;0.4772343031111985;1.5734175306168239;2.4772343031111985;5.573417530616823
2020-07-07;0.026096528136701796;-0.9697056728048;-1.9133148174728982;1.0302943271951999;2.0866851825271016
2020-07-08;-0.9837281240335171;0.41253271566157745;-0.15866269271036215;2.4125327156615777;3.8413373072896384
2020-07-09;-0.6143048463375361;0.8370817753728033;1.0598587044080703;2.8370817753728033;5.059858704408071
2020-07-10;-0.6236190082778158;-0.36318620142716906;-1.3499914111321538;1.636813798572831;2.650008588867846
2020-07-11;0.7594713311328743;-0.03392699967708146;0.6916173317787114;1.9660730003229185;4.691617331778711
2020-07-12;-0.16640069271846097;0.26957242341887616;0.37274415411929135;2.269572423418876;4.3727441541192915
2020-07-13;0.37530555105612123;-0.08391524418120598;0.20747506269370927;1.9160847558187941;4.207475062693709
2020-07-14;0.2261263492494486;-0.1158807305909411;-0.005635111932433601;1.884119269409059;3.9943648880675666
2020-07-15;0.4116024120628427;0.28781043429472836;0.9872232806522994;2.2878104342947285;4.9872232806523
2020-07-16;0.5042714771134602;0.8042673576917392;2.1128061924969384;2.804267357691739;6.112806192496938
2020-07-17;-1.030608212892495;-1.357697560038817;-3.7460033329701288;0.642302439961183;0.253996667029871
2020-07-18;-0.26650186502997114;-0.17129279758504132;-0.6090874602000538;1.8287072024149587;3.3909125397999462
2020-07-19;0.4623855507238044;-1.219855533800418;-1.9773255168770316;0.780144466199582;2.0226744831229686
2020-07-20;0.19257283919021945;0.435450388511247;1.0634736162127134;2.435450388511247;5.063473616212714
2020-07-21;-1.6349441361225914;0.43493727459336634;-0.7650695869358587;2.4349372745933664;3.2349304130641414
2020-07-22;1.3978193858268715;0.12466677507838002;1.6471529359836314;2.12466677507838;5.647152935983632
2020-07-23;-0.8914514020336421;-0.5768933414874488;-2.0452380850085397;1.4231066585125514;1.9547619149914606
2020-07-24;-0.07494886813198716;-0.5217764481859903;-1.1185017645039679;1.4782235518140097;2.881498235496032
2020-07-25;-3.2044013443296304;1.4627109926685042;-0.27897935899262194;3.4627109926685042;3.721020641007378
2020-07-26;-0.46690262153508444;-0.17901970086637228;-0.8249420232678291;1.8209802991336277;3.175057976732171
2020-07-27;0.9247476345119222;0.23524476499557398;1.3952371645030701;2.235244764995574;5.39523716450307
2020-07-28;-0.48860825554870513;-0.09298154159008849;-0.6745713387288821;1.9070184584099115;3.325428661271118
2020-07-29;0.5354013822282605;0.5508447011085544;1.6370907844453693;2.5508447011085544;5.63709078444537
2020-07-30;-0.1915220534992502;0.7946976277250961;1.3978732019509421;2.794697627725096;5.397873201950942
2020-07-31;0.7850964990591964;-0.4877244169471739;-0.19035233483515135;1.512275583052826;3.8096476651648485
2020-08-01;-1.0058648648348185;0.32757536557189987;-0.3507141336910188;2.3275753655719;3.649285866308981
2020-08-02;0.5790484501808602;-0.4599255478958039;-0.3408026456107477;1.540074452104196;3.659197354389252
2020-08-03;-0.4358159138690348;0.536268551747575;0.6367211896261153;2.536268551747575;4.636721189626115
2020-08-04;0.15701498345077236;1.358789138983295;2.8745932614173624;3.358789138983295;6.874593261417362
2020-08-05;0.5153452451311908;2.3841246230338857;5.283594491198962;4.384124623033886;9.283594491198961
2020-08-06;0.5291902678098208;-0.8961438364696007;-1.2630974051293806;1.1038561635303994;2.7369025948706196
2020-08-07;-0.19781011738716067;-0.09547583184735872;-0.3887617810818781;1.9045241681526413;3.611238218918122
2020-08-08;-1.6804459190064798;0.6767081954943132;-0.32702952801785345;2.6767081954943133;3.672970471982147
2020-08-09;0.06072782354539891;-0.023041188373248082;0.014645446798902742;1.976958811626752;4.014645446798903
2020-08-10;-0.5533184275964641;-1.1061232362828763;-2.7655649001622167;0.8938767637171237;1.2344350998377833
2020-08-11;-0.217134894389874;-0.8754223768039278;-1.9679796479977294;1.1245776231960722;2.0320203520022706
2020-08-12;0.010781428998630438;-0.9062468207238444;-1.8017122124490585;1.0937531792761557;2.198287787550942
2020-08-13;-1.415753210749387;0.09470831125533102;-1.2263365882387252;2.094708311255331;2.773663411761275
2020-08-14;0.19380061053949996;0.5432350856451581;1.2802707818298162;2.543235085645158;5.280270781829817
2020-08-15;0.056335779377569555;1.4656550050862371;2.9876457895500437;3.465655005086237;6.987645789550044
2020-08-16;-0.6359692115828376;1.1095052284587605;1.5830412453346834;3.1095052284587608;5.583041245334684
2020-08-17;-0.9926324841596418;-0.6823414735287936;-2.357315431217229;1.3176585264712064;1.6426845687827711
2020-08-18;-0.4092692006106081;-0.24747527306762185;-0.9042197467458518;1.752524726932378;3.095780253254148
2020-08-19;1.5278511193983773;-0.649438370907116;0.2289743775841453;1.350561629092884;4.228974377584145
2020-08-20;-1.2690155260995772;0.7548760707265404;0.24073661535350355;2.7548760707265405;4.240736615353503
2020-08-21;-0.02390844260072029;-1.5575424720309945;-3.138993386662709;0.4424575279690055;0.8610066133372907
2020-08-22;0.346351576613855;0.9423644974568105;2.231080571527476;2.9423644974568104;6.2310805715274755
2020-08-23;-0.3854768167060495;1.5602087809672336;2.7349407452284176;3.5602087809672334;6.734940745228418
2020-08-24;1.5451617599168601;-0.6916876541245651;0.16178645166772987;1.3083123458754349;4.16178645166773
2020-08-25;0.8645184721269497;-2.0977918732737453;-3.331065274420541;-0.09779187327374528;0.6689347255794591
2020-08-26;0.1702946948085901;-0.7578296523509195;-1.3453646098932488;1.2421703476490804;2.6546353901067508
2020-08-27;0.9678104161511922;-0.8745250446923986;-0.7812396732336049;1.1254749553076016;3.2187603267663953
2020-08-28;1.0278403900668294;-0.8028896284380206;-0.5779388668092118;1.1971103715619793;3.422061133190788
2020-08-29;-0.4283034076796852;-0.755415833810417;-1.9391350753005192;1.2445841661895831;2.060864924699481
2020-08-30;0.22049689894674537;-1.3731141846550896;-2.525731470363434;0.6268858153449104;1.474268529636566
2020-08-31;0.6467583372877117;-0.6735018140196655;-0.7002452907516192;1.3264981859803346;3.299754709248381
2020-09-01;2.241866502543307;-0.24648712059714464;1.7488922613490177;1.7535128794028554;5.748892261349018
2020-09-02;-0.7636043388233484;0.480788743093192;0.1979731473630355;2.480788743093192;4.197973147363035
2020-09-03;-0.8317992027997089;0.5931892312894488;0.3545792597791887;2.5931892312894487;4.354579259779189
2020-09-04;-0.44877913925173435;0.48769593817708484;0.5266127371024354;2.487695938177085;4.526612737102435
2020-09-05;0.05631472945410299;0.5457844652874169;1.1478836600289368;2.545784465287417;5.147883660028937
2020-09-06;-0.6831224010762387;-0.6590173083352506;-2.00115701774674;1.3409826916647494;1.99884298225326
2020-09-07;1.43925372849812;1.382146624990064;4.203546978478248;3.382146624990064;8.203546978478247
2020-09-08;0.92132043118123;-0.572887221777517;-0.22445401237380413;1.427112778222483;3.775545987626196
2020-09-09;1.2750491009333504;-0.3288320400000261;0.6173850209332983;1.6711679599999738;4.617385020933298
2020-09-10;-0.1463408054844024;1.0584366425059322;1.970532479527462;3.0584366425059324;5.970532479527463
2020-09-11;-0.11108044262729792;-0.0388811330963141;-0.18884270881992613;1.9611188669036859;3.811157291180074
2020-09-12;-0.3223634922389624;-0.6657657311843238;-1.65389495460761;1.3342342688156763;2.3461050453923904
2020-09-13;-0.704620004467595;-0.3537627307018556;-1.4121454658713062;1.6462372692981444;2.587854534128694
2020-09-14;0.1519274208558741;-0.3042001701783497;-0.45647291950082536;1.6957998298216503;3.543527080499175
2020-09-15;-1.1788543691634505;-0.14913270660567196;-1.4771197823747944;1.850867293394328;2.5228802176252056
2020-09-16;-0.22509685034460078;0.07015437377347458;-0.08478810279765162;2.0701543737734744;3.915211897202348
2020-09-17;0.4520672285731127;0.29406925786188226;1.0402057442968773;2.2940692578618824;5.040205744296878
2020-09-18;-0.8275100128763014;-0.8284712168968386;-2.4844524466699784;1.1715287831031613;1.5155475533300211
2020-09-19;-0.4925074634046123;-0.7516204409224387;-1.9957483452494897;1.2483795590775613;2.0042516547505103
2020-09-20;-1.5883808159553001;-0.46873071328501575;-2.5258422425253317;1.5312692867149842;1.4741577574746683
2020-09-21;-1.4311184674003194;-1.2634968635047306;-3.9581121944097806;0.7365031364952694;0.04188780559021943
2020-09-22;-1.240248632145561;-1.053115973463552;-3.346480579072665;0.946884026536448;0.653519420927335
2020-09-23;-1.1321977376977403;-0.91094605580703;-2.9540898493118;1.0890539441929699;1.0459101506881994
2020-09-24;-0.2602398855722327;0.8146545193918624;1.369069153211492;2.8146545193918624;5.369069153211492
2020-09-25;-1.3473414727749078;1.0595283260844444;0.7717151793939809;3.059528326084444;4.771715179393981
2020-09-26;0.5245407358321751;0.533489021449304;1.5915187787307832;2.533489021449304;5.591518778730783
2020-09-27;-0.25355801802716;0.19212229309419343;0.13068656816122687;2.1921222930941933;4.130686568161226
2020-09-28;0.5629217927555064;0.6274509686233909;1.8178237300022881;2.627450968623391;5.817823730002289
2020-09-29;-0.33994862200101883;0.7371789811206226;1.1344093402402264;2.7371789811206226;5.134409340240227
2020-09-30;1.2029029222601908;0.9705595266688666;3.1440219755979237;2.9705595266688665;7.144021975597924
2020-10-01;0.7038787208366574;-0.6049877179216091;-0.5060967150065608;1.3950122820783908;3.493903284993439
2020-10-02;0.004710544458982693;0.14703393988391603;0.2987784242268147;2.147033939883916;4.298778424226815
2020-10-03;-0.46253911725358127;0.21855883194177111;-0.025421453370039038;2.2185588319417713;3.9745785466299615
2020-10-04;0.16875360875234963;-0.049997178171610236;0.06875925240912915;1.9500028218283898;4.068759252409129
2020-10-05;-0.14990614559461016;-0.035328062307447027;-0.2205622702095042;1.964671937692553;3.7794377297904957
2020-10-06;0.03361653458293019;-0.36657599024461573;-0.6995354459063012;1.6334240097553843;3.3004645540936988
2020-10-07;-0.4242114207905183;-0.05084965009757137;-0.525910720985661;1.9491503499024285;3.474089279014339
2020-10-08;-1.1237542029767162;-1.8573581657899187;-4.838470534556554;0.14264183421008125;-0.8384705345565537
2020-10-09;-0.21652493186395189;-1.1792045023161366;-2.574933936496225;0.8207954976838634;1.4250660635037748
2020-10-10;1.6447611318733715;0.7234291966156793;3.09161952510473;2.723429196615679;7.09161952510473
2020-10-11;1.2481492960363434;0.732725770226584;2.7136008364895114;2.732725770226584;6.713600836489512
2020-10-12;-0.3210227379045047;0.5008949669335724;0.68076719596264;2.5008949669335725;4.68076719596264
2020-10-13;0.5199423112249137;-1.3778758292385562;-2.2358093472521987;0.6221241707614438;1.7641906527478013
2020-10-14;0.7847106456895103;-0.8963076670550553;-1.0079046884206002;1.1036923329449446;2.9920953115793996
2020-10-15;-1.1783379321035305;0.7411874055081697;0.30403687891280895;2.7411874055081697;4.304036878912809
2020-10-16;-0.5728493315677566;-0.9610053430500842;-2.494860017667925;1.0389946569499158;1.505139982332075
2020-10-17;1.1879179943982656;-1.7661650005221874;-2.344412006646109;0.2338349994778126;1.6555879933538908
2020-10-18;-0.7704116573105747;1.1242419156049548;1.478072173899335;3.124241915604955;5.478072173899335
2020-10-19;2.671685088912162;0.06444550006805867;2.8005760890482794;2.0644455000680586;6.800576089048279
2020-10-20;0.9134843137756022;-0.9970062100877606;-1.0805281063999188;1.0029937899122394;2.919471893600081
2020-10-21;2.075048669611219;-0.5901865306872227;0.8946756082367737;1.4098134693127773;4.894675608236774
2020-10-22;-2.81600121715101;0.10954442631845672;-2.596912364514097;2.1095444263184566;1.4030876354859032
2020-10-23;0.1426692935836473;-0.7840355606351416;-1.4254018276866358;1.2159644393648583;2.574598172313364
2020-10-24;0.25761073508838883;1.3129227469784313;2.8834562290452515;3.3129227469784315;6.883456229045252
2020-10-25;-1.349025369296426;0.5001368509453067;-0.34875166740581265;2.5001368509453066;3.651248332594187
2020-10-26;-0.9845866480165034;1.4859794140389098;1.9873721800613162;3.4859794140389098;5.987372180061316
2020-10-27;0.5706934550173092;-0.5128751923514103;-0.4550569296855115;1.4871248076485897;3.5449430703144884
2020-10-28;0.27578242298837985;-0.38928154211931243;-0.502780661250245;1.6107184578806875;3.4972193387497548
2020-10-29;0.6485294150417128;-0.024428538986607597;0.5996723370684977;1.9755714610133923;4.5996723370684975
2020-10-30;1.3084871545168377;2.6625774738311048;6.6336421021790475;4.662577473831105;10.633642102179047
2020-10-31;0.3427263987621002;0.8726301654129052;2.0879867295879104;2.872630165412905;6.087986729587911
2020-11-01;0.3773970054270526;-0.5066593810873842;-0.6359217567477158;1.4933406189126157;3.364078243252284
2020-11-02;0.4830161298184706;0.9769060306868018;2.4368281911920744;2.976906030686802;6.436828191192075
2020-11-03;0.8468412861982171;0.15665175697727024;1.1601448001527577;2.1566517569772703;5.160144800152757
2020-11-04;-0.15452177472526785;1.8301471501800453;3.5057725256348227;3.8301471501800455;7.505772525634823
2020-11-05;0.9291112955433523;1.3825374867213998;3.6941862689861518;3.3825374867213998;7.694186268986152
2020-11-06;-0.6522613585421451;1.422853345250872;2.193445331959599;3.4228533452508723;6.1934453319596
2020-11-07;-1.4588443763087902;0.47764894426395915;-0.5035464877808719;2.4776489442639593;3.4964535122191283
2020-11-08;0.029400794104724452;0.16181278614975456;0.35302636640423357;2.1618127861497545;4.353026366404233
2020-11-09;-0.4109236017657893;0.9308356346633864;1.4507476675609834;2.9308356346633864;5.450747667560983
2020-11-10;0.5382686483345053;0.19519279611719034;0.928654240568886;2.1951927961171904;4.9286542405688865
2020-11-11;2.0656257181419377;1.0420524142918361;4.1497305467256105;3.0420524142918364;8.14973054672561
2020-11-12;0.18331841787207362;-0.011488496268139354;0.1603414253357949;1.9885115037318606;4.160341425335795
2020-11-13;-1.9871041493861687;-0.6408322925206981;-3.2687687344275647;1.359167707479302;0.7312312655724353
2020-11-14;-0.4813945516287546;-0.8109118106267424;-2.1032181728822397;1.1890881893732574;1.8967818271177603
2020-11-15;-0.10887354529643364;1.8207806537072138;3.5326877621179937;3.8207806537072138;7.532687762117994
2020-11-16;0.5140699446186114;-0.2346674616170361;0.04473502138453922;1.765332538382964;4.04473502138454
2020-11-17;-1.085578638473076;0.9517459641149852;0.8179132897568946;2.951745964114985;4.817913289756894
2020-11-18;-0.23039221329461987;1.8699878244331878;3.5095834355717557;3.8699878244331876;7.509583435571756
2020-11-19;0.15772497720910977;1.4336365262363326;3.024998029681775;3.4336365262363326;7.024998029681775
2020-11-20;0.4726394285742709;0.07565891991384795;0.6239572684019667;2.075658919913848;4.623957268401967
2020-11-21;0.12614486656578017;0.6255819420480753;1.3773087506619306;2.6255819420480755;5.377308750661931
2020-11-22;-0.02692263934718645;-1.567448006221176;-3.1618186517895386;0.43255199377882403;0.8381813482104616
2020-11-23;-1.8848501723504776;-0.7175122160015455;-3.3198746043535685;1.2824877839984545;0.6801253956464315
2020-11-24;-0.8179363761514667;0.20937108936243104;-0.39919419742660467;2.209371089362431;3.6008058025733956
2020-11-25;-0.13062092277209006;0.4929852047801501;0.8553494867882102;2.49298520478015;4.85534948678821
2020-11-26;-0.22276607050221645;0.5618724649679686;0.9009788594337208;2.5618724649679687;4.900978859433721
2020-11-27;0.3380593447118833;1.1038729032429846;2.5458051511978526;3.1038729032429844;6.545805151197852
2020-11-28;-0.9002995608455391;-1.9010137358710648;-4.702327032587669;0.09898626412893519;-0.7023270325876687
2020-11-29;-0.6208543319712136;0.7284934646248162;0.8361325972784188;2.7284934646248162;4.836132597278419
2020-11-30;-0.6584402152823653;-0.4790345655925817;-1.6165093464675286;1.5209654344074184;2.3834906535324714
2020-12-01;-1.2891247012937483;-0.9741995922581371;-3.2375238858100226;1.0258004077418628;0.7624761141899772
2020-12-02;-0.19410253221005547;-1.7467358424957382;-3.687574217201532;0.2532641575042618;0.3124257827984681
2020-12-03;-0.15097705205081882;0.01792319089390475;-0.11513067026300933;2.017923190893905;3.8848693297369907
2020-12-04;-0.19832050344148366;0.12464616146077308;0.05097181948006249;2.124646161460773;4.050971819480062
2020-12-05;-0.6637509246615519;1.2815738406346966;1.8993967566078411;3.281573840634697;5.899396756607842
2020-12-06;0.7922394832672183;-0.7911019530980938;-0.7899644229289694;1.2088980469019062;3.2100355770710305
2020-12-07;-0.07660500671933967;-0.664237328279198;-1.4050796632777356;1.335762671720802;2.5949203367222644
2020-12-08;1.2718206238935512;-0.11955298290106885;1.0327146580914135;1.8804470170989311;5.032714658091414
2020-12-09;-1.2009786119524941;0.8461850952710439;0.4913915785895937;2.8461850952710437;4.491391578589593
2020-12-10;0.6112297828675692;-0.20360307886049764;0.20402362514657396;1.7963969211395023;4.204023625146574
2020-12-11;-0.5241738232999129;-0.4185740231108837;-1.3613218695216802;1.5814259768891163;2.63867813047832
2020-12-12;-0.061916212715108915;-1.0588482919776563;-2.1796127966704213;0.9411517080223437;1.8203872033295785
2020-12-13;1.80524557746825;-0.07402322396780532;1.6571991295326394;1.9259767760321946;5.657199129532639
2020-12-14;2.204885697984326;-0.45208928691681527;1.3007071241506953;1.5479107130831848;5.300707124150696
2020-12-15;-0.20943596028175673;-0.2946843576721413;-0.7988046756260393;1.7053156423278586;3.2011953243739604
2020-12-16;0.9064921637450125;0.9992544928978704;2.9050011495407535;2.9992544928978706;6.9050011495407535
2020-12-17;0.3153843078128574;1.1377994669517455;2.5909832417163483;3.1377994669517455;6.590983241716349
2020-12-18;1.1580963641955146;0.9997605188859316;3.1576174019673777;2.9997605188859318;7.157617401967379
2020-12-19;-0.41644861754257556;-1.1437764028083217;-2.704001423159219;0.8562235971916783;1.295998576840781
2020-12-20;-1.6264468164091368;-1.4587894211031929;-4.5440256586155225;0.5412105788968071;-0.5440256586155225
2020-12-21;-0.31582535423443364;-1.2889358111691216;-2.8936969765726768;0.7110641888308784;1.1063030234273232
2020-12-22;-0.10835998286337985;1.4932333293077336;2.8781066757520875;3.4932333293077336;6.878106675752087
2020-12-23;-0.156093582425988;-1.8916453966716489;-3.939384375769286;0.10835460332835112;0.06061562423071423
2020-12-24;0.8403661574696568;-0.22519883768417293;0.38996848210131096;1.774801162315827;4.389968482101311
2020-12-25;-0.4994202458833054;-0.27101790022879757;-1.0414560463409006;1.7289820997712024;2.9585439536590994
2020-12-26;-1.325365871747898;0.018548135785695415;-1.2882696001765073;2.0185481357856956;2.711730399823493
2020-12-27;0.754554919049384;-1.024802689841754;-1.295050460634124;0.9751973101582461;2.704949539365876
2020-12-28;0.5699335423526521;0.6092104077479641;1.7883543578485803;2.6092104077479643;5.788354357848581
2020-12-29;-0.5683151701990579;1.0091960396589836;1.4500769091189094;3.009196039658984;5.45007690911891
2020-12-30;-1.1587176604162672;0.4397326742035512;-0.2792523120091648;2.439732674203551;3.7207476879908348
